#v100,,,
#晤瘍,裁邈郪ID,昜こID,
#int,int,int,
1,10001,100001001,#(1論)れ埭哱條
2,10001,100001002,#(1論)れ埭桵樅
3,10001,100001003,#(1論)れ埭芛錳
4,10001,100001004,#(1論)れ埭砐蟈
5,10001,100001005,#(1論)れ埭忒瀍
6,10001,100001006,#(1論)れ埭賭硌
7,10001,100001007,#(1論)れ埭悒赽
8,10001,100001008,#(1論)れ埭殈湍
9,10002,10002001,#2論挕ん
10,10002,10002002,#2論畟督
11,10002,10002003,#2論芛錳
12,10002,10002004,#2論砐蟈
13,10002,10002005,#2論忒瀍
14,10002,10002006,#2論賭硌
15,10002,10002007,#2論殈湍
16,10002,10002008,#2論衧赽
17,10003,10003001,#3論挕ん
18,10003,10003002,#3論畟督
19,10003,10003003,#3論芛錳
20,10003,10003004,#3論砐蟈
21,10003,10003005,#3論忒瀍
22,10003,10003006,#3論賭硌
23,10003,10003007,#3論殈湍
24,10003,10003008,#3論衧赽
25,10004,10004001,#4論挕ん
26,10004,10004002,#4論畟督
27,10004,10004003,#4論芛錳
28,10004,10004004,#4論砐蟈
29,10004,10004005,#4論忒瀍
30,10004,10004006,#4論賭硌
31,10004,10004007,#4論殈湍
32,10004,10004008,#4論衧赽
33,10005,10005001,#5論挕ん
34,10005,10005002,#5論畟督
35,10005,10005003,#5論芛錳
36,10005,10005004,#5論砐蟈
37,10005,10005005,#5論忒瀍
38,10005,10005006,#5論賭硌
39,10005,10005007,#5論殈湍
40,10005,10005008,#5論衧赽
41,10006,10006001,#6論挕ん
42,10006,10006002,#6論畟督
43,10006,10006003,#6論芛錳
44,10006,10006004,#6論砐蟈
45,10006,10006005,#6論忒瀍
46,10006,10006006,#6論賭硌
47,10006,10006007,#6論殈湍
48,10006,10006008,#6論衧赽
49,10007,10007001,#7論挕ん
50,10007,10007002,#7論畟督
51,10007,10007003,#7論芛錳
52,10007,10007004,#7論砐蟈
53,10007,10007005,#7論忒瀍
54,10007,10007006,#7論賭硌
55,10007,10007007,#7論殈湍
56,10007,10007008,#7論衧赽
57,10008,10008001,#8論挕ん
58,10008,10008002,#8論畟督
59,10008,10008003,#8論芛錳
60,10008,10008004,#8論砐蟈
61,10008,10008005,#8論忒瀍
62,10008,10008006,#8論賭硌
63,10008,10008007,#8論殈湍
64,10008,10008008,#8論衧赽
65,10009,10009001,#9論挕ん
66,10009,10009002,#9論畟督
67,10009,10009003,#9論芛錳
68,10009,10009004,#9論砐蟈
69,10009,10009005,#9論忒瀍
70,10009,10009006,#9論賭硌
71,10009,10009007,#9論殈湍
72,10009,10009008,#9論衧赽
73,10010,10010001,#10論挕ん
74,10010,10010002,#10論畟督
75,10010,10010003,#10論芛錳
76,10010,10010004,#10論砐蟈
77,10010,10010005,#10論忒瀍
78,10010,10010006,#10論賭硌
79,10010,10010007,#10論殈湍
80,10010,10010008,#10論衧赽
81,10011,10011001,#11論挕ん
82,10011,10011002,#11論畟督
83,10011,10011003,#11論芛錳
84,10011,10011004,#11論砐蟈
85,10011,10011005,#11論忒瀍
86,10011,10011006,#11論賭硌
87,10011,10011007,#11論殈湍
88,10011,10011008,#11論衧赽
89,10012,10012001,#12論挕ん
90,10012,10012002,#12論畟督
91,10012,10012003,#12論芛錳
92,10012,10012004,#12論砐蟈
93,10012,10012005,#12論忒瀍
94,10012,10012006,#12論賭硌
95,10012,10012007,#12論殈湍
96,10012,10012008,#12論衧赽
97,10013,10013001,#13論挕ん
98,10013,10013002,#13論畟督
99,10013,10013003,#13論芛錳
100,10013,10013004,#13論砐蟈
101,10013,10013005,#13論忒瀍
102,10013,10013006,#13論賭硌
103,10013,10013007,#13論殈湍
104,10013,10013008,#13論衧赽
105,10014,10014001,#14論挕ん
106,10014,10014002,#14論畟督
107,10014,10014003,#14論芛錳
108,10014,10014004,#14論砐蟈
109,10014,10014005,#14論忒瀍
110,10014,10014006,#14論賭硌
111,10014,10014007,#14論殈湍
112,10014,10014008,#14論衧赽
113,10015,10015001,#15論挕ん
114,10015,10015002,#15論畟督
115,10015,10015003,#15論芛錳
116,10015,10015004,#15論砐蟈
117,10015,10015005,#15論忒瀍
118,10015,10015006,#15論賭硌
119,10015,10015007,#15論殈湍
120,10015,10015008,#15論衧赽
121,10016,10016001,#16論挕ん
122,10016,10016002,#16論畟督
123,10016,10016003,#16論芛錳
124,10016,10016004,#16論砐蟈
125,10016,10016005,#16論忒瀍
126,10016,10016006,#16論賭硌
127,10016,10016007,#16論殈湍
128,10016,10016008,#16論衧赽
129,10017,10017001,#17論挕ん
130,10017,10017002,#17論畟督
131,10017,10017003,#17論芛錳
132,10017,10017004,#17論砐蟈
133,10017,10017005,#17論忒瀍
134,10017,10017006,#17論賭硌
135,10017,10017007,#17論殈湍
136,10017,10017008,#17論衧赽
137,10018,10018001,#18論挕ん
138,10018,10018002,#18論畟督
139,10018,10018003,#18論芛錳
140,10018,10018004,#18論砐蟈
141,10018,10018005,#18論忒瀍
142,10018,10018006,#18論賭硌
143,10018,10018007,#18論殈湍
144,10018,10018008,#18論衧赽
145,10019,10019001,#19論挕ん
146,10019,10019002,#19論畟督
147,10019,10019003,#19論芛錳
148,10019,10019004,#19論砐蟈
149,10019,10019005,#19論忒瀍
150,10019,10019006,#19論賭硌
151,10019,10019007,#19論殈湍
152,10019,10019008,#19論衧赽
153,10020,10020001,#20論挕ん
154,10020,10020002,#20論畟督
155,10020,10020003,#20論芛錳
156,10020,10020004,#20論砐蟈
157,10020,10020005,#20論忒瀍
158,10020,10020006,#20論賭硌
159,10020,10020007,#20論殈湍
160,10020,10020008,#20論衧赽
161,10021,10021001,#21論挕ん
162,10021,10021002,#21論畟督
163,10021,10021003,#21論芛錳
164,10021,10021004,#21論砐蟈
165,10021,10021005,#21論忒瀍
166,10021,10021006,#21論賭硌
167,10021,10021007,#21論殈湍
168,10021,10021008,#21論衧赽
169,10022,10022001,#22論挕ん
170,10022,10022002,#22論畟督
171,10022,10022003,#22論芛錳
172,10022,10022004,#22論砐蟈
173,10022,10022005,#22論忒瀍
174,10022,10022006,#22論賭硌
175,10022,10022007,#22論殈湍
176,10022,10022008,#22論衧赽
177,10023,10023001,#23論挕ん
178,10023,10023002,#23論畟督
179,10023,10023003,#23論芛錳
180,10023,10023004,#23論砐蟈
181,10023,10023005,#23論忒瀍
182,10023,10023006,#23論賭硌
183,10023,10023007,#23論殈湍
184,10023,10023008,#23論衧赽
185,10024,10024001,#24論挕ん
186,10024,10024002,#24論畟督
187,10024,10024003,#24論芛錳
188,10024,10024004,#24論砐蟈
189,10024,10024005,#24論忒瀍
190,10024,10024006,#24論賭硌
191,10024,10024007,#24論殈湍
192,10024,10024008,#24論衧赽
193,10025,10025001,#25論挕ん
194,10025,10025002,#25論畟督
195,10025,10025003,#25論芛錳
196,10025,10025004,#25論砐蟈
197,10025,10025005,#25論忒瀍
198,10025,10025006,#25論賭硌
199,10025,10025007,#25論殈湍
200,10025,10025008,#25論衧赽
201,10026,10026003,#26論芛錳
202,10026,10026004,#26論砐蟈
203,10026,10026005,#26論忒瀍
204,10026,10026006,#26論賭硌
205,10026,10026007,#26論殈湍
206,10026,10026008,#26論衧赽
207,10027,10027003,#27論芛錳
208,10027,10027004,#27論砐蟈
209,10027,10027005,#27論忒瀍
210,10027,10027006,#27論賭硌
211,10027,10027007,#27論殈湍
212,10027,10027008,#27論衧赽
213,10028,10028003,#28論芛錳
214,10028,10028004,#28論砐蟈
215,10028,10028005,#28論忒瀍
216,10028,10028006,#28論賭硌
217,10028,10028007,#28論殈湍
218,10028,10028008,#28論衧赽
219,10029,10029003,#29論芛錳
220,10029,10029004,#29論砐蟈
221,10029,10029005,#29論忒瀍
222,10029,10029006,#29論賭硌
223,10029,10029007,#29論殈湍
224,10029,10029008,#29論衧赽
225,10030,10030003,#30論芛錳
226,10030,10030004,#30論砐蟈
227,10030,10030005,#30論忒瀍
228,10030,10030006,#30論賭硌
229,10030,10030007,#30論殈湍
230,10030,10030008,#30論衧赽
231,10031,10031003,#31論芛錳
232,10031,10031004,#31論砐蟈
233,10031,10031005,#31論忒瀍
234,10031,10031006,#31論賭硌
235,10031,10031007,#31論殈湍
236,10031,10031008,#31論衧赽
237,10032,10032003,#32論芛錳
238,10032,10032004,#32論砐蟈
239,10032,10032005,#32論忒瀍
240,10032,10032006,#32論賭硌
241,10032,10032007,#32論殈湍
242,10032,10032008,#32論衧赽
243,10033,10033003,#33論芛錳
244,10033,10033004,#33論砐蟈
245,10033,10033005,#33論忒瀍
246,10033,10033006,#33論賭硌
247,10033,10033007,#33論殈湍
248,10033,10033008,#33論衧赽
249,10034,10034003,#34論芛錳
250,10034,10034004,#34論砐蟈
251,10034,10034005,#34論忒瀍
252,10034,10034006,#34論賭硌
253,10034,10034007,#34論殈湍
254,10034,10034008,#34論衧赽
255,10035,10035003,#35論芛錳
256,10035,10035004,#35論砐蟈
257,10035,10035005,#35論忒瀍
258,10035,10035006,#35論賭硌
259,10035,10035007,#35論殈湍
260,10035,10035008,#35論衧赽
261,11026,10026001,#26論挕ん
262,11026,10026002,#26論畟督
263,11027,10027001,#27論挕ん
264,11027,10027002,#27論畟督
265,11028,10028001,#28論挕ん
266,11028,10028002,#28論畟督
267,11029,10029001,#29論挕ん
268,11029,10029002,#29論畟督
269,11030,10030001,#30論挕ん
270,11030,10030002,#30論畟督
271,11031,10031001,#31論挕ん
272,11031,10031002,#31論畟督
273,11032,10032001,#32論挕ん
274,11032,10032002,#32論畟督
275,11033,10033001,#33論挕ん
276,11033,10033002,#33論畟督
277,11034,10034001,#34論挕ん
278,11034,10034002,#34論畟督
279,11035,10035001,#35論挕ん
280,11035,10035002,#35論畟督
281,20001,10001013,#[1論]哱挕眳噩
282,20001,10001014,#[1論]紾蜆瞏
283,20001,10001017,#[1論]紳韓骯嘎
284,20001,10001018,#[1論]啞誥眳薯
285,20002,11001045,#[1論]誘潛
286,20002,12001045,#[1論]誘虯
287,20002,10001046,#[1論]殈齪
288,20002,10001047,#[1論]迶驚
289,30001,10001056,#[汜苳]扷1論
290,30001,10001057,#[汜苳]籟1論
291,30001,10001058,#[汜苳]誥1論
292,30001,10001059,#[汜苳]芤1論
293,30001,10001060,#[汜苳]韓1論
294,30001,10001061,#[汜苳]彴1論
295,30001,10001062,#[汜苳]鎮1論
296,30001,10001063,#[汜苳]栺1論
297,30001,10001064,#[汜苳]綽1論
298,30001,10001065,#[汜苳]憐1論
299,30001,10001066,#[汜苳]僩1論
300,30001,10001067,#[汜苳]紿1論
301,40001,24150001,#羲藷
302,40001,24150002,#倎藷
303,40001,24150003,#汜藷
304,40001,24150004,#夼藷
305,40001,24150005,#債藷
306,40001,24150006,#劓藷
307,40001,24150007,#侚藷
308,40001,24150008,#儐藷
309,50001,12101001,#∴嗎齪閣梒﹞骯
310,50001,12101002,#∴嗎齪閣梒﹞遼
311,50001,12101003,#∴嗎齪閣梒﹞朸
312,50001,12101004,#∴嗎齪閣梒﹞吤
313,50001,12101005,#∴嗎齪閣梒﹞郬
314,50002,12102001,#∴∴嗎齪閣梒﹞骯
315,50002,12102002,#∴∴嗎齪閣梒﹞遼
316,50002,12102003,#∴∴嗎齪閣梒﹞朸
317,50002,12102004,#∴∴嗎齪閣梒﹞吤
318,50002,12102005,#∴∴嗎齪閣梒﹞郬
319,50003,12103001,#∴∴∴嗎齪閣梒﹞骯
320,50003,12103002,#∴∴∴嗎齪閣梒﹞遼
321,50003,12103003,#∴∴∴嗎齪閣梒﹞朸
322,50003,12103004,#∴∴∴嗎齪閣梒﹞吤
323,50003,12103005,#∴∴∴嗎齪閣梒﹞郬
324,50004,12104001,#∴∴∴∴嗎齪閣梒﹞骯
325,50004,12104002,#∴∴∴∴嗎齪閣梒﹞遼
326,50004,12104003,#∴∴∴∴嗎齪閣梒﹞朸
327,50004,12104004,#∴∴∴∴嗎齪閣梒﹞吤
328,50004,12104005,#∴∴∴∴嗎齪閣梒﹞郬
329,50005,25010005,#5撰惘坒
330,50005,25020005,#5撰惘坒
331,50005,25030005,#5撰惘坒
332,50005,25040005,#5撰惘坒
333,50005,25050005,#5撰惘坒
334,50005,25060005,#5撰惘坒
335,50006,10001021,#眥珛蚾1
336,50006,10001022,#眥珛蚾2
337,50006,10001023,#眥珛蚾3
338,50006,10001024,#眥珛蚾4
339,50006,10001025,#眥珛蚾5
340,50006,10001026,#眥珛蚾6
341,50006,10001027,#眥珛蚾7
342,50006,10001028,#眥珛蚾8
